{
    "loss": 14.824336051940918,
    "accuracy": 0.5035971403121948
}