{
    "loss": 3.1878890991210938,
    "accuracy": 0.935251772403717
}