{
    "loss": 0.3720766305923462,
    "accuracy": 0.8776978254318237
}